dataset,avg_dwm_diff,pca_eigval_diff,pca_eigvec_ang,avg_cio,corr_mat_diff,mutual_inf_diff,ks_tvd_stat,frac_ks_sigs,avg_h_dist,avg_pMSE,avg_qMSE,avg_nndr,priv_loss_nndr,nnaa,priv_loss_nnaa,auroc,cls_F1_diff,cls_F1_diff_hout,median_DCR,hit_rate,eps_identif_risk,priv_loss_eps,mia_cls_risk
baseline:,0.007346486913835703,0.017606299714043056,0.016558302708233975,0.5671961488673685,0.4470031586816133,0.6884463599201961,0.06278657407407406,0.2222222222222222,0.0012734140785254225,0.0027433614037819165,0.008546248070987654,0.6817637970823472,0.19396421787737195,0.33854166666666663,0.28255208333333337,0.010741510741510751,0.02085611756664385,0.011718749999999972,0.559315842847252,0.11979166666666667,0.6380208333333334,0.23437500000000006,0.5208606383433303
privacy_base,0.08326853399171388,0.020668956496138032,0.07778167085414338,0.13115343429714696,1.686695862415626,0.6019646132915112,0.21845972222222224,0.6666666666666666,0.005449175564313802,0.09896233531116996,0.010228708526234568,0.8825000737244092,-0.012609504746992295,0.8033854166666667,-0.03776041666666674,0.3104989604989604,0.1816302118933698,0.15494791666666663,1.9665720859690123,0.0,0.13541666666666666,-0.028645833333333343,0.45758078373546784
joined,0.020911062741475493,0.002429409993388979,0.05374401924371567,0.04340951132954945,1.8668013785913322,0.6867179724890795,0.11388799560003868,0.5555555555555556,0.004499656420708663,0.010702664453831131,0.009003242688045232,0.8759284614014072,0.0009682030938455988,0.7732335182767625,0.028703628154917338,0.17636867636867648,0.06128673957621325,0.11393229166666663,1.3823672244212826,0.0,0.3385416666666667,0.0390625,0.5218783672670806
